Transaction_ID,Date,Time,Amount,Merchant,Card_Number,Transaction_Type,Is_Fraud
1,2025-03-24,16:55:00,89.27,Merchant_14,CARD0019,Purchase,0
2,2025-03-17,06:17:00,138.42,Merchant_13,CARD0048,Purchase,0
3,2025-03-08,19:11:00,131.36,Merchant_18,CARD0007,Purchase,0
4,2025-01-29,22:47:00,89.24,Merchant_17,CARD0094,Purchase,0
5,2025-01-19,03:57:00,176.4,Merchant_9,CARD0075,Purchase,0
6,2025-01-05,16:40:00,102.22,Merchant_16,CARD0011,Purchase,0
7,2025-03-28,18:10:00,62.75,Merchant_9,CARD0081,Purchase,0
8,2025-01-09,04:02:00,48.34,Merchant_11,CARD0061,Purchase,0
9,2025-01-08,01:42:00,10.42,Merchant_14,CARD0096,Refund,0
10,2025-01-04,18:28:00,14.27,Merchant_14,CARD0004,Purchase,0
11,2025-02-20,18:43:00,15.57,Merchant_11,CARD0056,Refund,0
12,2025-03-22,01:56:00,51.84,Merchant_15,CARD0006,Purchase,0
13,2025-02-03,22:23:00,58.04,Merchant_12,CARD0062,Refund,0
14,2025-03-30,22:28:00,174.78,Merchant_14,CARD0030,Purchase,0
15,2025-03-25,07:25:00,105.09,Merchant_3,CARD0059,Online,0
16,2025-01-17,22:10:00,135.32,Merchant_12,CARD0043,Online,0
17,2025-02-13,07:10:00,63.64,Merchant_14,CARD0061,Purchase,0
18,2025-01-18,10:08:00,273.99,Merchant_9,CARD0056,Purchase,0
19,2025-01-18,09:30:00,48.11,Merchant_17,CARD0058,Online,0
20,2025-02-15,16:29:00,136.56,Merchant_17,CARD0059,Purchase,0
21,2025-02-27,03:10:00,161.64,Merchant_16,CARD0077,Purchase,0
22,2025-02-07,06:51:00,168.9,Merchant_2,CARD0065,Purchase,0
23,2025-01-17,04:45:00,128.98,Merchant_4,CARD0060,Online,0
24,2025-01-04,23:09:00,66.59,Merchant_8,CARD0053,Online,0
25,2025-03-26,02:27:00,21.51,Merchant_9,CARD0011,Purchase,0
26,2025-02-01,03:55:00,139.64,Merchant_16,CARD0080,Purchase,0
27,2025-03-25,10:07:00,153.81,Merchant_11,CARD0049,Purchase,0
28,2025-03-14,13:20:00,71.6,Merchant_10,CARD0042,Purchase,0
29,2025-01-14,00:29:00,60.58,Merchant_2,CARD0089,Purchase,0
30,2025-01-24,11:04:00,61.38,Merchant_1,CARD0062,Purchase,0
31,2025-03-22,18:42:00,67.14,Merchant_19,CARD0066,Purchase,0
32,2025-03-21,21:31:00,66.19,Merchant_7,CARD0091,Purchase,0
33,2025-01-23,16:22:00,37.88,Merchant_8,CARD0020,Cash_Advance,0
34,2025-02-16,10:18:00,195.46,Merchant_2,CARD0094,Online,0
35,2025-03-24,22:34:00,132.04,Merchant_3,CARD0017,Purchase,0
36,2025-02-17,15:31:00,124.91,Merchant_16,CARD0089,Purchase,0
37,2025-03-30,09:47:00,32.86,Merchant_7,CARD0044,Purchase,0
38,2025-01-06,05:02:00,105.71,Merchant_13,CARD0016,Purchase,0
39,2025-03-06,11:50:00,169.02,Merchant_3,CARD0058,Purchase,0
40,2025-03-21,13:51:00,1363.36,Merchant_7,CARD0021,Purchase,1
41,2025-01-04,23:07:00,14.78,Merchant_12,CARD0053,Purchase,0
42,2025-01-18,19:42:00,123.44,Merchant_5,CARD0082,Purchase,0
43,2025-01-07,00:15:00,114.16,Merchant_2,CARD0010,Purchase,0
44,2025-01-04,20:28:00,61.04,Merchant_16,CARD0006,Purchase,0
45,2025-03-21,20:58:00,54.61,Merchant_4,CARD0017,Purchase,0
46,2025-03-07,18:43:00,78.98,Merchant_10,CARD0012,Purchase,0
47,2025-02-07,16:58:00,922.01,Merchant_6,CARD0042,Purchase,1
48,2025-02-20,15:19:00,130.35,Merchant_19,CARD0060,Purchase,0
49,2025-02-15,03:07:00,219.14,Merchant_14,CARD0033,Cash_Advance,0
50,2025-02-17,02:40:00,50.67,Merchant_14,CARD0036,Online,0
51,2025-03-18,14:01:00,163.82,Merchant_15,CARD0094,Purchase,0
52,2025-02-11,01:44:00,84.76,Merchant_11,CARD0023,Purchase,0
53,2025-02-27,15:21:00,168.26,Merchant_6,CARD0003,Purchase,0
54,2025-03-22,16:15:00,33.14,Merchant_12,CARD0073,Refund,0
55,2025-01-18,22:44:00,159.34,Merchant_14,CARD0067,Cash_Advance,0
56,2025-01-01,05:17:00,96.59,Merchant_6,CARD0062,Purchase,0
57,2025-01-09,21:06:00,2379.38,Merchant_19,CARD0046,Purchase,1
58,2025-01-13,11:31:00,36.09,Merchant_14,CARD0009,Online,0
59,2025-01-26,20:59:00,209.84,Merchant_17,CARD0083,Purchase,0
60,2025-02-26,10:01:00,49.15,Merchant_14,CARD0022,Cash_Advance,0
61,2025-02-20,12:52:00,23.26,Merchant_1,CARD0078,Online,0
62,2025-02-18,16:07:00,87.88,Merchant_10,CARD0050,Refund,0
63,2025-03-01,21:18:00,146.96,Merchant_17,CARD0095,Refund,0
64,2025-03-06,17:41:00,348.24,Merchant_9,CARD0098,Purchase,0
65,2025-02-05,21:08:00,14.82,Merchant_10,CARD0054,Purchase,0
66,2025-02-21,13:39:00,223.74,Merchant_18,CARD0053,Purchase,0
67,2025-03-15,20:48:00,48.28,Merchant_11,CARD0087,Online,0
68,2025-02-22,13:35:00,119.23,Merchant_17,CARD0033,Purchase,0
69,2025-03-06,22:08:00,164.75,Merchant_12,CARD0041,Purchase,0
70,2025-03-12,16:50:00,72.08,Merchant_5,CARD0092,Purchase,0
71,2025-02-21,14:42:00,213.3,Merchant_5,CARD0021,Cash_Advance,0
72,2025-01-14,02:41:00,124.93,Merchant_10,CARD0026,Purchase,0
73,2025-03-20,21:02:00,112.4,Merchant_2,CARD0010,Purchase,1
74,2025-02-22,04:37:00,121.85,Merchant_1,CARD0064,Purchase,0
75,2025-03-18,06:05:00,46.61,Merchant_18,CARD0023,Purchase,0
76,2025-01-11,13:12:00,82.45,Merchant_16,CARD0067,Purchase,0
77,2025-03-09,01:48:00,104.28,Merchant_16,CARD0010,Refund,0
78,2025-01-04,10:07:00,7.9,Merchant_5,CARD0001,Purchase,0
79,2025-02-14,12:21:00,163.57,Merchant_19,CARD0028,Purchase,0
80,2025-01-24,10:15:00,64.86,Merchant_8,CARD0077,Purchase,0
81,2025-01-31,11:57:00,34.83,Merchant_1,CARD0039,Purchase,0
82,2025-02-08,02:53:00,17.28,Merchant_11,CARD0078,Purchase,0
83,2025-03-16,05:47:00,145.33,Merchant_19,CARD0058,Purchase,0
84,2025-01-30,05:27:00,106.9,Merchant_8,CARD0038,Purchase,0
85,2025-01-04,20:59:00,133.57,Merchant_19,CARD0065,Online,0
86,2025-02-24,20:41:00,30.23,Merchant_5,CARD0002,Purchase,0
87,2025-01-22,22:37:00,75.57,Merchant_20,CARD0070,Purchase,0
88,2025-01-31,20:44:00,99.01,Merchant_18,CARD0018,Purchase,0
89,2025-01-15,00:06:00,102.96,Merchant_2,CARD0052,Cash_Advance,0
90,2025-01-01,17:23:00,94.49,Merchant_19,CARD0054,Refund,0
91,2025-03-08,14:08:00,254.04,Merchant_10,CARD0018,Cash_Advance,0
92,2025-02-17,21:30:00,61.09,Merchant_18,CARD0022,Purchase,0
93,2025-01-19,13:33:00,27.06,Merchant_16,CARD0047,Purchase,0
94,2025-03-14,03:18:00,154.59,Merchant_5,CARD0076,Purchase,0
95,2025-01-19,07:15:00,24.25,Merchant_13,CARD0075,Cash_Advance,0
96,2025-01-29,04:38:00,251.7,Merchant_2,CARD0073,Purchase,0
97,2025-01-25,12:11:00,123.97,Merchant_11,CARD0028,Online,0
98,2025-01-17,00:37:00,1546.21,Merchant_12,CARD0042,Online,1
99,2025-02-28,02:17:00,66.82,Merchant_8,CARD0039,Online,0
100,2025-01-20,08:13:00,207.41,Merchant_12,CARD0019,Purchase,0
101,2025-03-11,00:39:00,113.8,Merchant_15,CARD0020,Purchase,0
102,2025-03-10,11:16:00,104.53,Merchant_15,CARD0068,Purchase,0
103,2025-02-03,15:21:00,23.47,Merchant_17,CARD0027,Purchase,0
104,2025-02-04,06:12:00,22.75,Merchant_10,CARD0065,Purchase,0
105,2025-01-02,13:51:00,98.67,Merchant_7,CARD0091,Online,0
106,2025-03-24,07:47:00,51.56,Merchant_20,CARD0046,Refund,0
107,2025-01-05,10:03:00,128.64,Merchant_20,CARD0064,Cash_Advance,0
108,2025-02-04,19:52:00,122.49,Merchant_10,CARD0064,Purchase,0
109,2025-02-17,10:07:00,27.69,Merchant_18,CARD0057,Purchase,0
110,2025-01-29,08:11:00,71.28,Merchant_14,CARD0050,Online,0
111,2025-01-08,16:22:00,38.18,Merchant_16,CARD0092,Purchase,0
112,2025-03-23,10:20:00,143.43,Merchant_13,CARD0099,Purchase,0
113,2025-02-22,21:47:00,169.99,Merchant_11,CARD0001,Purchase,0
114,2025-01-31,14:30:00,119.27,Merchant_3,CARD0003,Cash_Advance,0
115,2025-01-02,06:41:00,118.81,Merchant_17,CARD0004,Purchase,0
116,2025-03-17,20:14:00,88.47,Merchant_5,CARD0027,Purchase,0
117,2025-02-11,14:35:00,68.88,Merchant_7,CARD0037,Cash_Advance,0
118,2025-03-26,11:59:00,18.13,Merchant_6,CARD0023,Online,0
119,2025-02-08,13:58:00,213.9,Merchant_6,CARD0027,Purchase,0
120,2025-01-07,03:31:00,12.46,Merchant_6,CARD0089,Purchase,0
121,2025-01-31,16:58:00,1525.51,Merchant_20,CARD0082,Purchase,1
122,2025-01-09,20:14:00,174.02,Merchant_7,CARD0002,Purchase,0
123,2025-03-15,09:02:00,132.4,Merchant_6,CARD0010,Purchase,0
124,2025-03-15,08:43:00,61.46,Merchant_5,CARD0044,Online,0
125,2025-03-19,09:25:00,93.9,Merchant_7,CARD0098,Purchase,0
126,2025-03-23,21:43:00,182.06,Merchant_15,CARD0090,Online,0
127,2025-02-28,21:02:00,189.09,Merchant_18,CARD0027,Purchase,0
128,2025-03-09,20:53:00,42.53,Merchant_5,CARD0096,Purchase,0
129,2025-03-07,05:19:00,674.0,Merchant_11,CARD0037,Purchase,1
130,2025-03-14,22:15:00,196.6,Merchant_20,CARD0075,Purchase,0
131,2025-03-29,19:47:00,127.82,Merchant_14,CARD0049,Purchase,0
132,2025-01-18,18:20:00,115.1,Merchant_8,CARD0029,Purchase,0
133,2025-03-14,12:36:00,280.39,Merchant_8,CARD0077,Refund,1
134,2025-01-28,19:15:00,4.16,Merchant_2,CARD0008,Online,0
135,2025-02-24,05:59:00,69.09,Merchant_16,CARD0088,Purchase,0
136,2025-02-12,06:42:00,210.68,Merchant_17,CARD0060,Cash_Advance,0
137,2025-03-15,16:40:00,72.53,Merchant_10,CARD0093,Purchase,0
138,2025-01-26,21:17:00,158.07,Merchant_14,CARD0065,Purchase,0
139,2025-01-19,07:33:00,101.29,Merchant_12,CARD0077,Purchase,0
140,2025-03-19,11:04:00,36.37,Merchant_20,CARD0054,Cash_Advance,0
141,2025-01-22,09:41:00,87.44,Merchant_11,CARD0025,Online,0
142,2025-03-19,11:17:00,79.57,Merchant_2,CARD0007,Purchase,0
143,2025-03-27,13:10:00,86.22,Merchant_15,CARD0022,Purchase,0
144,2025-03-23,03:47:00,70.67,Merchant_15,CARD0097,Purchase,0
145,2025-02-13,07:00:00,44.93,Merchant_3,CARD0015,Purchase,0
146,2025-02-21,21:05:00,37.9,Merchant_18,CARD0003,Purchase,0
147,2025-03-04,03:25:00,346.05,Merchant_20,CARD0055,Online,0
148,2025-03-29,06:28:00,47.33,Merchant_16,CARD0008,Purchase,0
149,2025-01-12,10:18:00,57.72,Merchant_9,CARD0048,Purchase,0
150,2025-03-11,00:24:00,99.91,Merchant_18,CARD0065,Purchase,0
151,2025-02-28,09:42:00,55.99,Merchant_7,CARD0076,Cash_Advance,0
152,2025-02-16,00:28:00,42.4,Merchant_10,CARD0095,Purchase,0
153,2025-01-04,16:46:00,43.07,Merchant_20,CARD0092,Purchase,0
154,2025-01-13,13:07:00,62.37,Merchant_17,CARD0083,Online,0
155,2025-03-08,07:27:00,170.5,Merchant_16,CARD0082,Purchase,0
156,2025-03-16,20:16:00,184.28,Merchant_10,CARD0052,Purchase,0
157,2025-03-01,18:42:00,177.52,Merchant_17,CARD0077,Online,0
158,2025-03-03,00:24:00,135.35,Merchant_12,CARD0099,Online,0
159,2025-02-03,10:30:00,161.05,Merchant_7,CARD0038,Online,0
160,2025-02-14,02:09:00,728.48,Merchant_1,CARD0022,Online,1
161,2025-03-10,10:47:00,71.18,Merchant_12,CARD0057,Purchase,0
162,2025-02-08,00:39:00,3740.78,Merchant_18,CARD0013,Purchase,1
163,2025-01-31,01:52:00,62.06,Merchant_16,CARD0036,Purchase,0
164,2025-03-21,16:24:00,112.21,Merchant_12,CARD0054,Purchase,0
165,2025-01-26,22:27:00,28.22,Merchant_10,CARD0047,Purchase,0
166,2025-02-28,22:08:00,230.42,Merchant_11,CARD0047,Purchase,0
167,2025-01-09,08:00:00,29.25,Merchant_12,CARD0070,Online,0
168,2025-01-26,18:30:00,316.79,Merchant_4,CARD0072,Purchase,0
169,2025-02-02,20:17:00,124.9,Merchant_4,CARD0088,Online,0
170,2025-03-26,01:55:00,29.97,Merchant_10,CARD0080,Online,0
171,2025-03-14,15:58:00,155.52,Merchant_6,CARD0083,Purchase,0
172,2025-01-05,12:57:00,34.85,Merchant_5,CARD0038,Purchase,0
173,2025-03-03,12:14:00,209.11,Merchant_13,CARD0048,Refund,0
174,2025-02-23,13:46:00,239.95,Merchant_11,CARD0067,Online,0
175,2025-01-11,22:33:00,114.16,Merchant_9,CARD0022,Purchase,0
176,2025-02-28,10:31:00,59.17,Merchant_3,CARD0100,Cash_Advance,0
177,2025-03-01,15:59:00,104.42,Merchant_16,CARD0022,Purchase,0
178,2025-01-18,16:48:00,213.44,Merchant_16,CARD0062,Purchase,0
179,2025-03-01,13:10:00,68.68,Merchant_17,CARD0087,Purchase,0
180,2025-03-23,02:22:00,54.21,Merchant_7,CARD0001,Purchase,0
181,2025-02-07,13:46:00,318.69,Merchant_8,CARD0086,Refund,1
182,2025-01-11,12:17:00,62.76,Merchant_11,CARD0063,Purchase,0
183,2025-02-13,19:38:00,112.84,Merchant_12,CARD0080,Purchase,0
184,2025-03-30,03:34:00,47.08,Merchant_16,CARD0042,Purchase,0
185,2025-02-28,00:08:00,117.71,Merchant_17,CARD0067,Online,0
186,2025-01-03,23:21:00,97.08,Merchant_1,CARD0002,Purchase,0
187,2025-01-15,11:44:00,109.22,Merchant_13,CARD0061,Purchase,0
188,2025-03-14,04:19:00,120.95,Merchant_8,CARD0061,Purchase,0
189,2025-01-03,10:29:00,72.56,Merchant_2,CARD0010,Purchase,0
190,2025-02-08,14:16:00,74.32,Merchant_16,CARD0036,Purchase,0
191,2025-02-27,06:59:00,91.88,Merchant_8,CARD0057,Online,0
192,2025-01-06,01:38:00,34.39,Merchant_7,CARD0016,Cash_Advance,0
193,2025-03-30,18:37:00,143.59,Merchant_1,CARD0013,Purchase,0
194,2025-03-05,06:11:00,71.99,Merchant_2,CARD0034,Purchase,0
195,2025-01-26,23:05:00,47.46,Merchant_18,CARD0022,Purchase,0
196,2025-01-03,16:56:00,191.18,Merchant_17,CARD0019,Purchase,0
197,2025-01-03,16:47:00,199.6,Merchant_16,CARD0018,Online,0
198,2025-01-29,11:48:00,177.53,Merchant_19,CARD0048,Purchase,0
199,2025-02-13,07:38:00,27.17,Merchant_15,CARD0010,Purchase,0
200,2025-03-09,21:34:00,17.53,Merchant_14,CARD0083,Purchase,0
201,2025-03-04,23:44:00,53.14,Merchant_2,CARD0027,Purchase,0
202,2025-01-15,14:04:00,12.84,Merchant_11,CARD0014,Purchase,0
203,2025-02-12,19:12:00,127.77,Merchant_15,CARD0012,Purchase,0
204,2025-03-08,04:56:00,108.78,Merchant_14,CARD0076,Purchase,0
205,2025-02-07,14:50:00,89.3,Merchant_3,CARD0086,Online,0
206,2025-02-07,10:07:00,88.05,Merchant_11,CARD0009,Purchase,0
207,2025-03-30,00:17:00,105.35,Merchant_9,CARD0035,Purchase,0
208,2025-03-28,14:07:00,147.43,Merchant_2,CARD0014,Purchase,0
209,2025-01-29,01:57:00,186.0,Merchant_12,CARD0024,Cash_Advance,0
210,2025-02-11,18:12:00,31.47,Merchant_9,CARD0067,Cash_Advance,0
211,2025-01-03,12:15:00,136.9,Merchant_15,CARD0100,Online,0
212,2025-03-26,00:23:00,34.14,Merchant_9,CARD0090,Refund,0
213,2025-02-27,16:04:00,200.58,Merchant_3,CARD0046,Refund,0
214,2025-03-11,11:26:00,231.92,Merchant_13,CARD0026,Purchase,0
215,2025-03-16,21:19:00,200.88,Merchant_2,CARD0046,Purchase,0
216,2025-02-24,06:06:00,579.62,Merchant_1,CARD0099,Purchase,1
217,2025-03-05,04:17:00,21.68,Merchant_3,CARD0071,Purchase,0
218,2025-03-28,13:51:00,147.56,Merchant_8,CARD0029,Purchase,0
219,2025-02-26,14:55:00,46.63,Merchant_18,CARD0005,Online,0
220,2025-02-17,06:36:00,114.86,Merchant_5,CARD0030,Purchase,0
221,2025-03-22,08:08:00,55.59,Merchant_14,CARD0012,Online,0
222,2025-01-13,12:54:00,171.47,Merchant_20,CARD0089,Purchase,0
223,2025-03-02,15:19:00,75.96,Merchant_14,CARD0061,Purchase,0
224,2025-02-04,12:14:00,69.43,Merchant_9,CARD0014,Purchase,0
225,2025-01-31,10:55:00,72.01,Merchant_10,CARD0031,Refund,0
226,2025-02-17,02:01:00,133.84,Merchant_13,CARD0043,Purchase,0
227,2025-01-20,13:35:00,10.92,Merchant_1,CARD0076,Purchase,0
228,2025-03-01,09:29:00,65.4,Merchant_8,CARD0062,Purchase,0
229,2025-02-22,14:59:00,1483.63,Merchant_9,CARD0052,Cash_Advance,1
230,2025-01-28,00:23:00,97.79,Merchant_11,CARD0067,Online,0
231,2025-02-11,22:35:00,236.5,Merchant_5,CARD0089,Purchase,0
232,2025-02-24,17:50:00,55.32,Merchant_19,CARD0045,Purchase,0
233,2025-01-23,22:42:00,102.4,Merchant_20,CARD0023,Purchase,0
234,2025-02-28,11:03:00,14.51,Merchant_20,CARD0094,Purchase,0
235,2025-02-02,17:04:00,2473.05,Merchant_16,CARD0005,Purchase,1
236,2025-01-15,15:32:00,97.76,Merchant_9,CARD0058,Purchase,0
237,2025-01-19,01:44:00,103.42,Merchant_14,CARD0097,Refund,0
238,2025-03-22,14:26:00,77.18,Merchant_18,CARD0040,Purchase,0
239,2025-03-16,17:26:00,175.76,Merchant_16,CARD0012,Cash_Advance,0
240,2025-02-10,14:20:00,336.36,Merchant_18,CARD0094,Purchase,0
241,2025-03-08,13:02:00,332.27,Merchant_20,CARD0017,Purchase,1
242,2025-03-29,11:45:00,23.88,Merchant_16,CARD0015,Purchase,0
243,2025-02-12,17:47:00,22.64,Merchant_16,CARD0043,Purchase,0
244,2025-02-21,17:03:00,429.92,Merchant_17,CARD0067,Purchase,1
245,2025-02-01,16:51:00,28.06,Merchant_6,CARD0075,Purchase,0
246,2025-02-23,21:14:00,25.91,Merchant_17,CARD0014,Cash_Advance,0
247,2025-02-26,20:24:00,152.4,Merchant_19,CARD0059,Purchase,0
248,2025-03-25,12:32:00,68.38,Merchant_17,CARD0081,Purchase,0
249,2025-02-21,22:20:00,79.52,Merchant_4,CARD0096,Purchase,0
250,2025-01-28,05:04:00,101.3,Merchant_10,CARD0035,Purchase,0
251,2025-01-11,21:09:00,88.76,Merchant_15,CARD0030,Purchase,0
252,2025-02-03,16:13:00,105.08,Merchant_20,CARD0069,Purchase,0
253,2025-02-12,12:09:00,12.59,Merchant_8,CARD0013,Purchase,0
254,2025-02-20,13:46:00,57.4,Merchant_16,CARD0098,Purchase,0
255,2025-02-13,05:32:00,57.84,Merchant_16,CARD0021,Cash_Advance,0
256,2025-03-22,22:44:00,27.85,Merchant_19,CARD0090,Purchase,0
257,2025-01-08,23:01:00,219.1,Merchant_20,CARD0038,Purchase,0
258,2025-03-08,03:57:00,134.18,Merchant_6,CARD0056,Purchase,0
259,2025-03-14,23:47:00,98.21,Merchant_5,CARD0070,Purchase,0
260,2025-02-17,08:38:00,66.82,Merchant_15,CARD0068,Purchase,0
261,2025-01-02,19:25:00,158.54,Merchant_8,CARD0082,Purchase,0
262,2025-01-08,23:06:00,118.37,Merchant_10,CARD0095,Purchase,0
263,2025-03-10,08:02:00,99.3,Merchant_11,CARD0024,Purchase,0
264,2025-01-18,21:43:00,47.35,Merchant_2,CARD0073,Purchase,0
265,2025-02-06,07:12:00,107.26,Merchant_12,CARD0027,Online,0
266,2025-01-24,20:11:00,236.42,Merchant_17,CARD0008,Cash_Advance,1
267,2025-02-24,05:01:00,116.02,Merchant_18,CARD0090,Online,0
268,2025-01-19,00:47:00,55.33,Merchant_8,CARD0077,Cash_Advance,0
269,2025-03-30,10:35:00,20.93,Merchant_8,CARD0064,Purchase,0
270,2025-01-23,00:51:00,111.57,Merchant_14,CARD0057,Cash_Advance,0
271,2025-01-14,18:05:00,158.87,Merchant_2,CARD0005,Refund,0
272,2025-02-13,17:43:00,102.28,Merchant_8,CARD0019,Refund,0
273,2025-01-15,10:39:00,86.63,Merchant_20,CARD0052,Purchase,0
274,2025-02-01,04:12:00,60.5,Merchant_2,CARD0078,Purchase,0
275,2025-02-23,03:51:00,84.31,Merchant_19,CARD0045,Purchase,0
276,2025-03-13,20:00:00,13.4,Merchant_14,CARD0037,Cash_Advance,0
277,2025-02-20,05:33:00,84.17,Merchant_12,CARD0096,Purchase,0
278,2025-01-11,14:54:00,88.23,Merchant_5,CARD0015,Purchase,0
279,2025-03-03,09:04:00,79.03,Merchant_20,CARD0058,Purchase,0
280,2025-02-22,15:39:00,98.28,Merchant_20,CARD0027,Online,0
281,2025-02-28,03:27:00,62.37,Merchant_11,CARD0081,Cash_Advance,0
282,2025-01-12,09:32:00,5.9,Merchant_20,CARD0098,Online,0
283,2025-01-27,04:55:00,69.04,Merchant_11,CARD0091,Purchase,0
284,2025-01-26,05:14:00,74.63,Merchant_18,CARD0091,Purchase,0
285,2025-01-10,02:45:00,293.86,Merchant_10,CARD0008,Online,0
286,2025-03-01,01:44:00,21.67,Merchant_16,CARD0048,Purchase,0
287,2025-01-01,10:51:00,147.28,Merchant_18,CARD0026,Purchase,0
288,2025-02-11,01:37:00,82.76,Merchant_9,CARD0078,Purchase,0
289,2025-02-09,08:35:00,37.55,Merchant_6,CARD0009,Purchase,0
290,2025-02-23,02:44:00,31.5,Merchant_12,CARD0076,Online,0
291,2025-01-19,02:43:00,152.03,Merchant_1,CARD0015,Purchase,0
292,2025-01-28,15:50:00,82.53,Merchant_10,CARD0098,Purchase,0
293,2025-02-06,04:14:00,61.92,Merchant_2,CARD0086,Online,0
294,2025-03-05,16:14:00,34.93,Merchant_13,CARD0012,Online,0
295,2025-01-28,23:07:00,82.02,Merchant_9,CARD0089,Purchase,0
296,2025-02-24,06:46:00,17.12,Merchant_8,CARD0033,Cash_Advance,0
297,2025-02-12,18:22:00,33.21,Merchant_12,CARD0004,Purchase,0
298,2025-03-21,13:05:00,278.58,Merchant_13,CARD0005,Purchase,0
299,2025-03-24,20:58:00,110.85,Merchant_6,CARD0016,Purchase,0
300,2025-01-19,14:56:00,1371.67,Merchant_19,CARD0053,Purchase,1
301,2025-02-28,20:15:00,63.5,Merchant_20,CARD0045,Purchase,0
302,2025-02-08,21:34:00,56.92,Merchant_14,CARD0068,Purchase,0
303,2025-01-18,11:01:00,72.79,Merchant_13,CARD0019,Online,0
304,2025-01-27,07:39:00,35.68,Merchant_16,CARD0013,Online,0
305,2025-02-09,11:06:00,166.09,Merchant_15,CARD0003,Purchase,0
306,2025-02-07,09:36:00,384.12,Merchant_10,CARD0005,Online,0
307,2025-02-14,10:58:00,4.94,Merchant_14,CARD0015,Purchase,0
308,2025-01-02,07:19:00,215.34,Merchant_9,CARD0091,Purchase,0
309,2025-03-22,09:17:00,200.01,Merchant_10,CARD0033,Purchase,0
310,2025-02-20,22:27:00,642.15,Merchant_8,CARD0084,Online,1
311,2025-01-07,20:49:00,182.1,Merchant_18,CARD0041,Purchase,0
312,2025-01-12,14:21:00,95.15,Merchant_18,CARD0034,Purchase,0
313,2025-03-16,21:43:00,54.21,Merchant_12,CARD0017,Purchase,0
314,2025-03-16,05:29:00,61.94,Merchant_18,CARD0041,Purchase,0
315,2025-02-22,07:59:00,75.41,Merchant_17,CARD0058,Refund,0
316,2025-02-21,15:18:00,131.43,Merchant_11,CARD0007,Purchase,0
317,2025-02-11,16:56:00,114.38,Merchant_11,CARD0044,Online,0
318,2025-03-06,08:50:00,35.67,Merchant_20,CARD0037,Purchase,0
319,2025-01-15,21:16:00,197.21,Merchant_14,CARD0044,Cash_Advance,0
320,2025-01-04,14:15:00,53.33,Merchant_1,CARD0037,Purchase,0
321,2025-01-03,17:45:00,131.8,Merchant_20,CARD0015,Purchase,0
322,2025-01-28,13:57:00,158.7,Merchant_15,CARD0098,Purchase,0
323,2025-02-18,01:43:00,47.14,Merchant_20,CARD0003,Purchase,0
324,2025-02-04,11:41:00,111.72,Merchant_6,CARD0066,Purchase,0
325,2025-01-12,07:45:00,106.01,Merchant_5,CARD0098,Purchase,0
326,2025-02-03,09:20:00,68.08,Merchant_13,CARD0060,Purchase,0
327,2025-01-19,15:40:00,45.55,Merchant_9,CARD0099,Purchase,0
328,2025-03-30,13:30:00,150.46,Merchant_10,CARD0063,Purchase,0
329,2025-03-05,10:41:00,138.24,Merchant_8,CARD0084,Purchase,0
330,2025-02-09,14:34:00,661.01,Merchant_6,CARD0017,Purchase,1
331,2025-01-29,11:07:00,229.45,Merchant_13,CARD0095,Online,0
332,2025-03-07,02:25:00,99.62,Merchant_6,CARD0081,Online,0
333,2025-01-20,01:28:00,159.78,Merchant_20,CARD0074,Refund,0
334,2025-01-18,04:48:00,773.94,Merchant_14,CARD0087,Purchase,1
335,2025-03-20,13:27:00,42.65,Merchant_4,CARD0030,Purchase,0
336,2025-03-23,21:06:00,163.27,Merchant_2,CARD0037,Purchase,0
337,2025-03-09,03:17:00,50.0,Merchant_1,CARD0044,Online,0
338,2025-03-01,12:52:00,73.36,Merchant_14,CARD0066,Refund,0
339,2025-02-14,12:50:00,100.44,Merchant_16,CARD0041,Purchase,0
340,2025-02-06,21:25:00,38.95,Merchant_14,CARD0060,Purchase,0
341,2025-02-13,12:58:00,1107.31,Merchant_9,CARD0070,Online,1
342,2025-01-23,16:20:00,79.49,Merchant_9,CARD0013,Purchase,0
343,2025-03-09,22:51:00,33.73,Merchant_2,CARD0056,Online,0
344,2025-01-16,03:34:00,63.03,Merchant_11,CARD0024,Purchase,0
345,2025-03-09,07:59:00,52.52,Merchant_19,CARD0003,Purchase,0
346,2025-02-27,16:32:00,25.58,Merchant_18,CARD0064,Online,0
347,2025-03-29,08:56:00,1851.88,Merchant_12,CARD0029,Purchase,1
348,2025-03-11,03:04:00,69.7,Merchant_6,CARD0016,Purchase,0
349,2025-02-07,20:20:00,139.48,Merchant_9,CARD0088,Purchase,0
350,2025-02-15,03:30:00,28.0,Merchant_7,CARD0004,Purchase,0
351,2025-02-23,14:14:00,67.66,Merchant_3,CARD0071,Purchase,0
352,2025-03-21,11:18:00,47.78,Merchant_8,CARD0054,Purchase,0
353,2025-02-03,23:52:00,95.74,Merchant_9,CARD0020,Cash_Advance,0
354,2025-03-30,07:09:00,44.48,Merchant_15,CARD0079,Purchase,0
355,2025-02-15,15:46:00,353.46,Merchant_8,CARD0073,Purchase,1
356,2025-02-14,07:22:00,27.93,Merchant_17,CARD0057,Purchase,0
357,2025-03-06,13:20:00,86.33,Merchant_18,CARD0099,Online,0
358,2025-02-18,05:45:00,145.03,Merchant_1,CARD0067,Refund,0
359,2025-03-14,08:44:00,123.68,Merchant_14,CARD0056,Purchase,0
360,2025-02-12,12:00:00,41.93,Merchant_4,CARD0089,Purchase,0
361,2025-01-29,21:17:00,34.13,Merchant_7,CARD0064,Online,0
362,2025-03-10,04:38:00,20.25,Merchant_14,CARD0067,Purchase,0
363,2025-03-22,19:18:00,102.1,Merchant_10,CARD0015,Online,0
364,2025-01-06,01:11:00,68.3,Merchant_2,CARD0075,Online,0
365,2025-02-15,09:46:00,295.55,Merchant_3,CARD0088,Purchase,0
366,2025-02-08,00:43:00,104.36,Merchant_8,CARD0070,Purchase,0
367,2025-01-14,22:46:00,104.91,Merchant_16,CARD0021,Purchase,0
368,2025-03-09,01:55:00,192.37,Merchant_1,CARD0078,Purchase,0
369,2025-03-09,20:19:00,78.1,Merchant_12,CARD0027,Purchase,0
370,2025-02-27,14:09:00,25.57,Merchant_13,CARD0077,Purchase,0
371,2025-03-04,08:43:00,33.94,Merchant_15,CARD0087,Cash_Advance,0
372,2025-02-11,02:48:00,39.35,Merchant_3,CARD0066,Purchase,0
373,2025-03-30,10:07:00,109.88,Merchant_9,CARD0095,Purchase,0
374,2025-02-14,17:09:00,70.42,Merchant_6,CARD0077,Refund,0
375,2025-02-25,14:35:00,170.65,Merchant_5,CARD0016,Purchase,0
376,2025-01-07,22:38:00,212.36,Merchant_3,CARD0001,Purchase,0
377,2025-02-21,09:12:00,18.64,Merchant_20,CARD0066,Purchase,0
378,2025-02-18,10:20:00,113.43,Merchant_12,CARD0096,Purchase,0
379,2025-01-22,16:29:00,47.11,Merchant_8,CARD0066,Purchase,0
380,2025-01-26,13:25:00,36.16,Merchant_14,CARD0004,Purchase,0
381,2025-02-22,10:41:00,25.98,Merchant_17,CARD0066,Online,0
382,2025-02-21,19:15:00,34.67,Merchant_14,CARD0004,Purchase,0
383,2025-02-07,07:12:00,80.29,Merchant_17,CARD0077,Purchase,0
384,2025-01-02,18:51:00,72.51,Merchant_1,CARD0045,Refund,0
385,2025-01-07,23:36:00,140.97,Merchant_4,CARD0001,Purchase,0
386,2025-03-26,14:09:00,64.01,Merchant_18,CARD0057,Online,0
387,2025-03-10,01:01:00,142.49,Merchant_1,CARD0067,Purchase,0
388,2025-03-11,03:41:00,120.67,Merchant_10,CARD0015,Online,0
389,2025-01-22,06:29:00,54.38,Merchant_7,CARD0067,Purchase,0
390,2025-02-17,15:07:00,76.04,Merchant_18,CARD0097,Refund,0
391,2025-03-07,18:14:00,74.85,Merchant_10,CARD0014,Purchase,0
392,2025-02-21,00:56:00,139.56,Merchant_6,CARD0010,Purchase,0
393,2025-02-13,02:44:00,248.36,Merchant_3,CARD0087,Online,0
394,2025-01-07,12:32:00,138.7,Merchant_5,CARD0043,Cash_Advance,0
395,2025-02-04,21:47:00,53.79,Merchant_9,CARD0008,Purchase,0
396,2025-03-20,01:35:00,24.61,Merchant_3,CARD0001,Purchase,0
397,2025-03-05,18:05:00,149.77,Merchant_15,CARD0045,Purchase,0
398,2025-01-24,10:58:00,208.86,Merchant_16,CARD0092,Purchase,0
399,2025-02-11,23:23:00,212.87,Merchant_8,CARD0075,Purchase,0
400,2025-01-02,22:47:00,161.16,Merchant_10,CARD0073,Cash_Advance,0
401,2025-01-11,11:33:00,246.27,Merchant_11,CARD0043,Purchase,0
402,2025-02-04,19:12:00,16.2,Merchant_18,CARD0011,Purchase,0
403,2025-03-07,03:45:00,67.38,Merchant_4,CARD0041,Purchase,0
404,2025-02-12,19:57:00,113.81,Merchant_3,CARD0065,Purchase,0
405,2025-01-04,23:05:00,172.17,Merchant_8,CARD0040,Purchase,0
406,2025-02-26,21:15:00,69.42,Merchant_12,CARD0052,Purchase,0
407,2025-01-31,22:44:00,95.14,Merchant_2,CARD0067,Purchase,0
408,2025-01-26,04:26:00,58.49,Merchant_4,CARD0087,Purchase,0
409,2025-01-07,13:00:00,33.01,Merchant_12,CARD0083,Online,0
410,2025-03-17,21:11:00,93.88,Merchant_17,CARD0045,Refund,0
411,2025-01-14,06:21:00,27.63,Merchant_15,CARD0009,Refund,0
412,2025-01-07,16:24:00,227.18,Merchant_5,CARD0070,Purchase,0
413,2025-02-27,20:51:00,49.0,Merchant_16,CARD0080,Purchase,0
414,2025-03-03,02:01:00,77.52,Merchant_19,CARD0045,Purchase,0
415,2025-03-16,07:43:00,33.78,Merchant_17,CARD0083,Online,0
416,2025-01-22,15:53:00,77.99,Merchant_10,CARD0019,Purchase,0
417,2025-01-24,05:36:00,73.91,Merchant_6,CARD0003,Purchase,0
418,2025-03-07,07:26:00,49.35,Merchant_20,CARD0044,Purchase,0
419,2025-02-16,03:40:00,72.36,Merchant_5,CARD0013,Purchase,0
420,2025-02-08,03:59:00,176.12,Merchant_3,CARD0026,Refund,0
421,2025-03-23,23:33:00,48.5,Merchant_4,CARD0020,Purchase,0
422,2025-01-10,16:04:00,61.85,Merchant_10,CARD0064,Purchase,0
423,2025-01-08,17:33:00,104.16,Merchant_3,CARD0023,Purchase,0
424,2025-01-30,18:56:00,515.66,Merchant_12,CARD0083,Purchase,1
425,2025-01-18,09:07:00,88.6,Merchant_15,CARD0031,Purchase,0
426,2025-03-09,12:54:00,9.56,Merchant_13,CARD0070,Purchase,0
427,2025-01-17,23:57:00,131.86,Merchant_4,CARD0099,Purchase,0
428,2025-02-19,16:50:00,92.43,Merchant_8,CARD0051,Purchase,0
429,2025-03-28,23:17:00,141.19,Merchant_8,CARD0006,Refund,0
430,2025-01-19,10:35:00,2518.05,Merchant_12,CARD0017,Purchase,1
431,2025-01-27,07:54:00,54.48,Merchant_14,CARD0065,Online,0
432,2025-02-05,02:03:00,207.66,Merchant_9,CARD0092,Purchase,0
433,2025-03-20,06:44:00,80.9,Merchant_6,CARD0044,Purchase,0
434,2025-01-15,00:28:00,147.45,Merchant_9,CARD0061,Cash_Advance,0
435,2025-02-18,18:16:00,36.29,Merchant_8,CARD0095,Purchase,0
436,2025-03-21,00:09:00,17.69,Merchant_7,CARD0016,Refund,0
437,2025-02-19,17:17:00,120.02,Merchant_8,CARD0068,Purchase,0
438,2025-01-30,17:45:00,257.52,Merchant_4,CARD0067,Purchase,0
439,2025-03-09,16:13:00,1236.75,Merchant_18,CARD0007,Refund,1
440,2025-02-06,02:42:00,196.73,Merchant_3,CARD0060,Purchase,0
441,2025-03-24,04:49:00,184.84,Merchant_19,CARD0023,Purchase,0
442,2025-01-16,00:48:00,106.85,Merchant_4,CARD0068,Purchase,0
443,2025-02-05,08:20:00,108.38,Merchant_17,CARD0020,Purchase,0
444,2025-01-08,12:24:00,18.11,Merchant_11,CARD0077,Cash_Advance,0
445,2025-01-03,19:48:00,200.71,Merchant_2,CARD0072,Purchase,0
446,2025-01-09,13:51:00,113.04,Merchant_8,CARD0036,Purchase,0
447,2025-03-21,06:48:00,67.72,Merchant_20,CARD0098,Purchase,0
448,2025-01-10,02:07:00,199.99,Merchant_16,CARD0068,Purchase,0
449,2025-02-28,01:00:00,24.23,Merchant_10,CARD0026,Purchase,0
450,2025-03-26,17:52:00,146.81,Merchant_4,CARD0035,Cash_Advance,0
451,2025-02-01,00:29:00,28.01,Merchant_20,CARD0053,Purchase,0
452,2025-01-24,05:47:00,40.98,Merchant_6,CARD0020,Purchase,0
453,2025-01-23,00:30:00,164.27,Merchant_15,CARD0010,Purchase,0
454,2025-03-21,13:30:00,25.01,Merchant_16,CARD0070,Purchase,0
455,2025-03-04,21:12:00,65.6,Merchant_13,CARD0094,Cash_Advance,0
456,2025-03-30,10:14:00,155.96,Merchant_18,CARD0003,Purchase,0
457,2025-01-29,21:19:00,75.38,Merchant_16,CARD0084,Purchase,0
458,2025-02-19,00:08:00,84.36,Merchant_1,CARD0046,Cash_Advance,0
459,2025-03-06,16:10:00,39.27,Merchant_15,CARD0067,Online,0
460,2025-02-25,21:48:00,52.71,Merchant_12,CARD0080,Online,0
461,2025-01-09,19:51:00,207.66,Merchant_12,CARD0004,Purchase,0
462,2025-02-05,04:15:00,154.12,Merchant_3,CARD0040,Purchase,0
463,2025-01-22,14:41:00,210.26,Merchant_1,CARD0039,Purchase,0
464,2025-03-17,19:32:00,62.47,Merchant_8,CARD0017,Purchase,0
465,2025-01-16,23:40:00,121.43,Merchant_18,CARD0029,Purchase,0
466,2025-03-05,22:29:00,69.8,Merchant_12,CARD0004,Refund,0
467,2025-01-11,09:16:00,162.87,Merchant_11,CARD0074,Cash_Advance,0
468,2025-03-30,11:02:00,179.42,Merchant_10,CARD0073,Purchase,0
469,2025-01-13,02:03:00,90.45,Merchant_4,CARD0075,Purchase,0
470,2025-03-26,20:53:00,57.84,Merchant_11,CARD0065,Purchase,0
471,2025-01-19,17:05:00,92.76,Merchant_15,CARD0095,Purchase,0
472,2025-03-01,18:43:00,160.06,Merchant_3,CARD0017,Purchase,0
473,2025-03-03,03:04:00,23.5,Merchant_17,CARD0064,Purchase,0
474,2025-02-14,22:02:00,104.42,Merchant_8,CARD0100,Purchase,0
475,2025-02-05,14:38:00,41.8,Merchant_1,CARD0047,Purchase,0
476,2025-03-14,15:30:00,53.86,Merchant_7,CARD0018,Online,0
477,2025-02-15,00:22:00,222.56,Merchant_19,CARD0071,Purchase,0
478,2025-03-05,14:39:00,124.46,Merchant_3,CARD0026,Purchase,0
479,2025-03-30,01:36:00,20.15,Merchant_9,CARD0024,Purchase,0
480,2025-03-30,00:31:00,60.15,Merchant_13,CARD0033,Purchase,0
481,2025-03-21,21:50:00,45.23,Merchant_8,CARD0090,Purchase,0
482,2025-03-20,02:26:00,72.87,Merchant_19,CARD0029,Purchase,0
483,2025-01-12,09:24:00,71.36,Merchant_12,CARD0088,Purchase,0
484,2025-02-03,18:18:00,42.27,Merchant_9,CARD0046,Purchase,0
485,2025-01-12,16:24:00,50.51,Merchant_6,CARD0076,Purchase,0
486,2025-03-05,08:47:00,17.87,Merchant_3,CARD0092,Purchase,0
487,2025-02-16,08:36:00,235.03,Merchant_7,CARD0026,Purchase,0
488,2025-01-20,11:52:00,63.16,Merchant_4,CARD0041,Purchase,0
489,2025-02-18,22:30:00,169.75,Merchant_6,CARD0025,Cash_Advance,0
490,2025-03-21,21:59:00,24.79,Merchant_2,CARD0015,Purchase,0
491,2025-02-22,14:53:00,111.21,Merchant_19,CARD0095,Purchase,0
492,2025-03-09,13:09:00,23.65,Merchant_16,CARD0034,Purchase,0
493,2025-01-28,19:45:00,87.21,Merchant_10,CARD0051,Cash_Advance,0
494,2025-03-26,18:37:00,125.93,Merchant_4,CARD0072,Purchase,0
495,2025-01-20,05:57:00,123.44,Merchant_14,CARD0027,Purchase,0
496,2025-02-21,04:11:00,344.24,Merchant_7,CARD0004,Online,0
497,2025-02-07,05:55:00,60.26,Merchant_2,CARD0076,Purchase,0
498,2025-01-03,20:03:00,83.8,Merchant_17,CARD0095,Purchase,0
499,2025-01-06,22:15:00,31.79,Merchant_16,CARD0085,Purchase,0
500,2025-02-16,13:52:00,92.04,Merchant_7,CARD0020,Purchase,0
501,2025-03-26,11:31:00,130.04,Merchant_18,CARD0048,Purchase,0
502,2025-02-28,00:12:00,16.34,Merchant_15,CARD0053,Purchase,0
503,2025-03-21,02:41:00,140.54,Merchant_14,CARD0063,Purchase,0
504,2025-03-08,02:58:00,87.76,Merchant_6,CARD0017,Purchase,0
505,2025-03-25,13:17:00,92.05,Merchant_13,CARD0095,Online,0
506,2025-02-19,11:58:00,205.37,Merchant_6,CARD0079,Purchase,0
507,2025-02-23,23:43:00,140.34,Merchant_2,CARD0032,Cash_Advance,0
508,2025-01-03,04:41:00,69.83,Merchant_14,CARD0066,Purchase,0
509,2025-03-22,11:19:00,27.38,Merchant_9,CARD0092,Purchase,0
510,2025-01-16,03:02:00,105.92,Merchant_17,CARD0085,Purchase,0
511,2025-03-15,17:45:00,121.62,Merchant_10,CARD0050,Purchase,0
512,2025-03-14,05:29:00,50.91,Merchant_17,CARD0013,Refund,0
513,2025-01-08,10:13:00,93.63,Merchant_2,CARD0097,Online,0
514,2025-01-23,08:06:00,57.1,Merchant_14,CARD0027,Cash_Advance,0
515,2025-01-10,13:12:00,58.14,Merchant_3,CARD0026,Purchase,0
516,2025-03-08,19:27:00,250.56,Merchant_20,CARD0053,Purchase,0
517,2025-01-24,14:47:00,92.94,Merchant_4,CARD0034,Purchase,0
518,2025-02-16,03:12:00,15.28,Merchant_9,CARD0082,Purchase,0
519,2025-03-01,15:43:00,141.3,Merchant_13,CARD0074,Online,0
520,2025-03-21,16:23:00,37.74,Merchant_20,CARD0083,Purchase,0
521,2025-01-28,17:47:00,123.95,Merchant_7,CARD0057,Purchase,0
522,2025-01-25,09:38:00,59.22,Merchant_13,CARD0012,Purchase,0
523,2025-03-17,20:37:00,33.04,Merchant_18,CARD0088,Cash_Advance,0
524,2025-02-17,21:45:00,201.03,Merchant_20,CARD0065,Purchase,0
525,2025-02-02,10:04:00,28.83,Merchant_19,CARD0009,Purchase,0
526,2025-01-27,23:34:00,12.19,Merchant_2,CARD0093,Purchase,0
527,2025-02-08,22:35:00,80.34,Merchant_6,CARD0045,Purchase,0
528,2025-02-10,03:50:00,65.75,Merchant_1,CARD0092,Cash_Advance,0
529,2025-02-07,16:56:00,2361.62,Merchant_10,CARD0099,Purchase,1
530,2025-03-07,20:29:00,80.85,Merchant_14,CARD0082,Purchase,0
531,2025-01-03,07:13:00,46.53,Merchant_3,CARD0044,Refund,0
532,2025-02-27,22:23:00,124.07,Merchant_12,CARD0048,Purchase,0
533,2025-01-20,15:00:00,53.78,Merchant_5,CARD0019,Purchase,0
534,2025-02-24,17:09:00,40.57,Merchant_20,CARD0086,Purchase,0
535,2025-01-27,20:16:00,135.37,Merchant_1,CARD0082,Online,0
536,2025-02-15,01:18:00,173.39,Merchant_4,CARD0054,Purchase,0
537,2025-03-03,10:54:00,110.28,Merchant_16,CARD0076,Purchase,0
538,2025-01-28,13:56:00,63.52,Merchant_20,CARD0073,Purchase,0
539,2025-03-15,20:41:00,131.84,Merchant_4,CARD0036,Cash_Advance,0
540,2025-02-18,19:36:00,67.11,Merchant_19,CARD0015,Purchase,0
541,2025-03-04,21:42:00,39.33,Merchant_12,CARD0009,Purchase,0
542,2025-03-08,09:24:00,121.38,Merchant_3,CARD0009,Purchase,0
543,2025-03-19,19:37:00,107.08,Merchant_15,CARD0046,Online,0
544,2025-01-21,08:57:00,119.32,Merchant_17,CARD0031,Refund,0
545,2025-01-09,16:53:00,153.71,Merchant_11,CARD0055,Purchase,0
546,2025-02-05,01:46:00,157.48,Merchant_16,CARD0070,Purchase,0
547,2025-01-05,19:56:00,76.17,Merchant_19,CARD0058,Purchase,0
548,2025-03-27,08:55:00,71.26,Merchant_15,CARD0015,Purchase,0
549,2025-01-26,07:39:00,98.6,Merchant_7,CARD0040,Purchase,0
550,2025-03-09,13:56:00,90.57,Merchant_9,CARD0010,Online,0
551,2025-03-05,09:15:00,163.58,Merchant_11,CARD0001,Cash_Advance,0
552,2025-02-10,21:31:00,8.89,Merchant_20,CARD0072,Purchase,0
553,2025-01-02,10:57:00,168.89,Merchant_15,CARD0024,Purchase,0
554,2025-03-10,14:59:00,47.78,Merchant_1,CARD0085,Cash_Advance,0
555,2025-01-12,22:12:00,1921.01,Merchant_8,CARD0064,Purchase,1
556,2025-01-20,09:53:00,407.5,Merchant_19,CARD0048,Purchase,1
557,2025-01-11,23:57:00,392.67,Merchant_9,CARD0100,Purchase,0
558,2025-03-12,17:20:00,1170.36,Merchant_20,CARD0094,Purchase,1
559,2025-01-26,23:27:00,22.35,Merchant_14,CARD0050,Purchase,0
560,2025-03-15,18:24:00,52.45,Merchant_11,CARD0003,Online,0
561,2025-01-20,16:11:00,141.31,Merchant_7,CARD0070,Purchase,0
562,2025-01-22,02:44:00,47.15,Merchant_6,CARD0064,Cash_Advance,0
563,2025-01-21,11:48:00,27.78,Merchant_1,CARD0025,Purchase,0
564,2025-01-30,06:38:00,346.81,Merchant_16,CARD0056,Cash_Advance,0
565,2025-02-02,00:09:00,106.37,Merchant_4,CARD0041,Purchase,0
566,2025-02-02,22:12:00,14.14,Merchant_17,CARD0059,Purchase,0
567,2025-01-05,12:11:00,52.42,Merchant_13,CARD0033,Cash_Advance,0
568,2025-03-11,17:29:00,193.71,Merchant_4,CARD0075,Refund,0
569,2025-01-17,08:59:00,9.52,Merchant_13,CARD0012,Purchase,0
570,2025-03-05,11:25:00,169.04,Merchant_17,CARD0001,Purchase,0
571,2025-02-26,19:03:00,53.46,Merchant_15,CARD0068,Online,0
572,2025-02-08,11:51:00,117.71,Merchant_17,CARD0069,Purchase,0
573,2025-03-15,08:51:00,58.42,Merchant_11,CARD0099,Purchase,0
574,2025-03-28,02:32:00,111.93,Merchant_20,CARD0059,Purchase,0
575,2025-01-01,10:32:00,45.86,Merchant_10,CARD0075,Online,0
576,2025-01-21,12:42:00,178.78,Merchant_19,CARD0030,Purchase,0
577,2025-01-22,05:30:00,72.39,Merchant_2,CARD0033,Purchase,0
578,2025-02-07,08:14:00,20.04,Merchant_12,CARD0040,Online,0
579,2025-03-20,11:40:00,172.1,Merchant_2,CARD0085,Online,0
580,2025-01-07,08:02:00,46.9,Merchant_3,CARD0022,Purchase,0
581,2025-03-20,06:52:00,75.94,Merchant_5,CARD0025,Purchase,0
582,2025-01-22,09:55:00,98.02,Merchant_13,CARD0098,Purchase,0
583,2025-02-02,07:06:00,146.7,Merchant_2,CARD0004,Purchase,0
584,2025-03-17,05:43:00,158.75,Merchant_14,CARD0012,Online,0
585,2025-03-29,00:32:00,1530.91,Merchant_18,CARD0004,Online,1
586,2025-02-02,08:43:00,173.23,Merchant_11,CARD0023,Purchase,0
587,2025-03-21,22:33:00,83.67,Merchant_15,CARD0070,Purchase,0
588,2025-02-14,09:19:00,193.27,Merchant_5,CARD0058,Purchase,0
589,2025-03-12,06:41:00,23.45,Merchant_3,CARD0097,Purchase,0
590,2025-02-11,18:09:00,105.3,Merchant_18,CARD0035,Purchase,0
591,2025-02-01,07:28:00,118.12,Merchant_8,CARD0058,Purchase,0
592,2025-03-30,12:17:00,128.33,Merchant_6,CARD0097,Purchase,0
593,2025-02-14,11:42:00,91.97,Merchant_13,CARD0006,Refund,0
594,2025-01-09,01:30:00,66.91,Merchant_19,CARD0007,Purchase,0
595,2025-02-22,17:08:00,45.0,Merchant_10,CARD0021,Purchase,0
596,2025-01-16,14:55:00,137.85,Merchant_1,CARD0015,Cash_Advance,0
597,2025-01-18,01:32:00,177.08,Merchant_10,CARD0066,Purchase,0
598,2025-02-10,12:24:00,115.82,Merchant_11,CARD0087,Purchase,0
599,2025-03-11,01:07:00,221.76,Merchant_5,CARD0067,Purchase,0
600,2025-03-16,11:31:00,83.86,Merchant_1,CARD0012,Purchase,0
601,2025-03-17,16:08:00,133.48,Merchant_1,CARD0049,Purchase,0
602,2025-01-19,12:13:00,134.45,Merchant_19,CARD0079,Purchase,0
603,2025-03-23,23:06:00,135.47,Merchant_18,CARD0062,Purchase,0
604,2025-01-22,01:56:00,177.46,Merchant_5,CARD0033,Purchase,0
605,2025-03-07,20:18:00,127.55,Merchant_12,CARD0061,Online,0
606,2025-02-09,06:48:00,34.94,Merchant_5,CARD0013,Purchase,0
607,2025-03-06,14:13:00,229.58,Merchant_5,CARD0013,Purchase,0
608,2025-03-15,10:54:00,169.53,Merchant_17,CARD0059,Purchase,0
609,2025-03-16,05:32:00,51.18,Merchant_4,CARD0028,Purchase,0
610,2025-03-04,16:22:00,67.81,Merchant_17,CARD0077,Purchase,0
611,2025-03-17,00:18:00,117.54,Merchant_12,CARD0024,Cash_Advance,0
612,2025-01-22,14:39:00,98.55,Merchant_20,CARD0030,Purchase,0
613,2025-02-17,18:34:00,132.09,Merchant_17,CARD0100,Purchase,0
614,2025-03-20,04:29:00,39.89,Merchant_14,CARD0004,Purchase,0
615,2025-02-17,18:46:00,781.19,Merchant_17,CARD0013,Purchase,1
616,2025-03-09,09:42:00,71.21,Merchant_20,CARD0076,Cash_Advance,0
617,2025-03-02,15:38:00,64.77,Merchant_14,CARD0001,Online,0
618,2025-02-12,00:49:00,41.22,Merchant_17,CARD0044,Refund,0
619,2025-03-10,14:24:00,37.21,Merchant_14,CARD0049,Purchase,0
620,2025-03-04,20:21:00,47.26,Merchant_15,CARD0081,Cash_Advance,0
621,2025-01-25,02:34:00,56.86,Merchant_19,CARD0024,Cash_Advance,0
622,2025-01-10,17:49:00,108.91,Merchant_5,CARD0034,Purchase,0
623,2025-03-22,10:42:00,176.78,Merchant_17,CARD0039,Cash_Advance,0
624,2025-02-01,13:34:00,115.19,Merchant_1,CARD0042,Purchase,0
625,2025-03-01,01:30:00,108.57,Merchant_7,CARD0007,Refund,0
626,2025-01-04,06:24:00,147.19,Merchant_6,CARD0023,Online,0
627,2025-03-06,13:49:00,2159.48,Merchant_15,CARD0021,Online,1
628,2025-02-15,08:33:00,98.22,Merchant_17,CARD0043,Online,0
629,2025-01-21,00:38:00,164.89,Merchant_1,CARD0060,Purchase,0
630,2025-03-01,22:40:00,95.98,Merchant_11,CARD0024,Purchase,0
631,2025-02-16,01:53:00,66.59,Merchant_1,CARD0100,Purchase,0
632,2025-02-27,04:30:00,250.79,Merchant_10,CARD0067,Purchase,0
633,2025-02-21,22:15:00,50.96,Merchant_9,CARD0093,Purchase,0
634,2025-01-15,18:14:00,144.26,Merchant_5,CARD0028,Purchase,0
635,2025-02-19,21:32:00,91.92,Merchant_14,CARD0066,Online,0
636,2025-02-22,02:21:00,97.49,Merchant_3,CARD0004,Purchase,0
637,2025-02-11,08:56:00,36.95,Merchant_17,CARD0081,Cash_Advance,0
638,2025-02-28,13:52:00,148.32,Merchant_12,CARD0084,Purchase,0
639,2025-01-04,19:04:00,63.41,Merchant_7,CARD0036,Purchase,0
640,2025-03-27,14:46:00,107.01,Merchant_12,CARD0057,Purchase,0
641,2025-01-02,10:00:00,47.96,Merchant_7,CARD0090,Online,0
642,2025-03-14,11:18:00,138.69,Merchant_13,CARD0057,Purchase,0
643,2025-01-01,01:59:00,59.21,Merchant_14,CARD0086,Purchase,0
644,2025-02-14,11:20:00,34.95,Merchant_17,CARD0019,Refund,0
645,2025-02-08,22:22:00,208.75,Merchant_16,CARD0031,Cash_Advance,0
646,2025-01-16,23:14:00,1165.64,Merchant_8,CARD0042,Online,1
647,2025-02-07,03:21:00,184.82,Merchant_9,CARD0060,Cash_Advance,0
648,2025-01-05,05:38:00,27.63,Merchant_18,CARD0089,Purchase,0
649,2025-03-14,22:45:00,13.83,Merchant_4,CARD0030,Purchase,0
650,2025-03-18,09:39:00,471.63,Merchant_8,CARD0048,Purchase,0
651,2025-02-24,03:16:00,113.24,Merchant_19,CARD0073,Purchase,0
652,2025-02-25,00:56:00,18.53,Merchant_17,CARD0030,Purchase,0
653,2025-02-12,04:08:00,91.76,Merchant_1,CARD0041,Cash_Advance,0
654,2025-03-02,08:07:00,115.0,Merchant_7,CARD0032,Purchase,0
655,2025-02-09,19:09:00,65.31,Merchant_19,CARD0059,Purchase,0
656,2025-02-01,02:41:00,71.71,Merchant_10,CARD0048,Purchase,0
657,2025-01-29,06:34:00,138.89,Merchant_14,CARD0079,Purchase,0
658,2025-03-13,05:29:00,79.25,Merchant_2,CARD0100,Purchase,0
659,2025-03-23,14:50:00,7.62,Merchant_20,CARD0099,Purchase,0
660,2025-01-23,21:31:00,33.64,Merchant_17,CARD0065,Purchase,0
661,2025-01-05,22:15:00,174.55,Merchant_2,CARD0021,Online,0
662,2025-01-02,01:40:00,96.41,Merchant_9,CARD0036,Online,0
663,2025-02-16,10:01:00,87.85,Merchant_15,CARD0067,Purchase,0
664,2025-01-25,11:07:00,178.55,Merchant_14,CARD0079,Online,0
665,2025-03-19,22:40:00,71.22,Merchant_17,CARD0088,Purchase,0
666,2025-03-14,14:51:00,293.73,Merchant_10,CARD0016,Purchase,0
667,2025-02-09,02:10:00,114.19,Merchant_6,CARD0058,Purchase,0
668,2025-01-01,03:18:00,419.02,Merchant_1,CARD0007,Cash_Advance,1
669,2025-02-08,11:17:00,166.66,Merchant_10,CARD0080,Purchase,0
670,2025-01-21,05:43:00,144.28,Merchant_5,CARD0028,Purchase,0
671,2025-01-27,06:40:00,17.2,Merchant_8,CARD0050,Purchase,0
672,2025-01-08,16:40:00,76.33,Merchant_14,CARD0012,Online,0
673,2025-03-27,18:47:00,10.92,Merchant_6,CARD0025,Refund,0
674,2025-03-19,09:53:00,162.98,Merchant_1,CARD0030,Purchase,0
675,2025-02-27,06:26:00,16.87,Merchant_13,CARD0072,Purchase,0
676,2025-01-07,01:39:00,97.15,Merchant_12,CARD0011,Online,0
677,2025-01-18,11:49:00,284.48,Merchant_7,CARD0060,Purchase,0
678,2025-03-25,18:44:00,271.88,Merchant_13,CARD0042,Purchase,0
679,2025-01-24,06:44:00,149.45,Merchant_14,CARD0100,Refund,0
680,2025-03-16,22:08:00,10.78,Merchant_3,CARD0100,Purchase,0
681,2025-03-30,05:06:00,101.25,Merchant_3,CARD0055,Purchase,0
682,2025-02-27,11:16:00,36.05,Merchant_15,CARD0036,Purchase,0
683,2025-02-26,19:46:00,54.26,Merchant_13,CARD0049,Purchase,0
684,2025-01-27,07:25:00,62.8,Merchant_8,CARD0046,Purchase,0
685,2025-03-28,13:11:00,70.52,Merchant_14,CARD0094,Purchase,0
686,2025-01-16,02:02:00,57.38,Merchant_3,CARD0070,Purchase,0
687,2025-01-18,16:22:00,86.96,Merchant_8,CARD0035,Purchase,0
688,2025-01-27,03:00:00,65.04,Merchant_14,CARD0094,Purchase,0
689,2025-03-06,21:21:00,186.35,Merchant_18,CARD0014,Purchase,0
690,2025-03-03,11:25:00,45.57,Merchant_12,CARD0037,Online,0
691,2025-01-11,12:18:00,134.11,Merchant_11,CARD0092,Purchase,0
692,2025-01-14,17:54:00,58.24,Merchant_10,CARD0040,Purchase,0
693,2025-01-04,19:06:00,67.59,Merchant_1,CARD0052,Online,0
694,2025-01-23,17:56:00,29.42,Merchant_8,CARD0041,Purchase,0
695,2025-03-19,02:57:00,112.13,Merchant_4,CARD0005,Purchase,0
696,2025-01-22,23:18:00,205.51,Merchant_19,CARD0021,Purchase,0
697,2025-02-06,14:57:00,93.81,Merchant_9,CARD0055,Cash_Advance,0
698,2025-01-10,18:11:00,166.02,Merchant_1,CARD0049,Online,0
699,2025-03-22,06:46:00,115.44,Merchant_13,CARD0061,Online,0
700,2025-01-11,01:59:00,167.35,Merchant_12,CARD0006,Purchase,0
701,2025-01-09,11:32:00,164.24,Merchant_7,CARD0051,Purchase,0
702,2025-02-21,18:55:00,80.38,Merchant_7,CARD0061,Cash_Advance,0
703,2025-01-23,09:01:00,130.34,Merchant_13,CARD0062,Refund,0
704,2025-02-26,06:56:00,56.28,Merchant_13,CARD0024,Online,0
705,2025-03-29,17:23:00,113.82,Merchant_17,CARD0052,Purchase,0
706,2025-01-14,07:39:00,320.72,Merchant_15,CARD0016,Online,1
707,2025-01-13,02:25:00,177.87,Merchant_4,CARD0007,Purchase,0
708,2025-01-11,05:47:00,77.57,Merchant_7,CARD0042,Purchase,0
709,2025-03-12,05:17:00,75.25,Merchant_6,CARD0090,Purchase,0
710,2025-01-16,01:40:00,54.95,Merchant_6,CARD0021,Purchase,0
711,2025-02-08,13:37:00,65.53,Merchant_11,CARD0048,Cash_Advance,0
712,2025-03-21,10:09:00,146.89,Merchant_7,CARD0060,Purchase,0
713,2025-01-08,07:12:00,31.69,Merchant_9,CARD0082,Purchase,0
714,2025-03-19,04:02:00,72.88,Merchant_2,CARD0017,Purchase,0
715,2025-01-10,13:57:00,76.22,Merchant_7,CARD0021,Purchase,0
716,2025-01-10,09:23:00,51.39,Merchant_1,CARD0052,Online,0
717,2025-03-14,03:53:00,80.59,Merchant_7,CARD0006,Purchase,0
718,2025-01-27,18:56:00,240.93,Merchant_9,CARD0019,Purchase,0
719,2025-03-16,06:51:00,86.2,Merchant_16,CARD0066,Purchase,0
720,2025-02-23,08:34:00,314.3,Merchant_13,CARD0019,Online,1
721,2025-01-17,01:42:00,24.87,Merchant_6,CARD0022,Purchase,0
722,2025-03-24,07:26:00,135.61,Merchant_14,CARD0080,Online,0
723,2025-03-19,17:19:00,116.81,Merchant_14,CARD0025,Purchase,0
724,2025-02-21,15:32:00,60.39,Merchant_17,CARD0044,Online,0
725,2025-03-30,12:18:00,41.62,Merchant_20,CARD0011,Purchase,0
726,2025-02-14,16:54:00,5.49,Merchant_4,CARD0076,Purchase,0
727,2025-01-03,05:20:00,120.97,Merchant_2,CARD0028,Cash_Advance,0
728,2025-02-20,14:17:00,197.58,Merchant_16,CARD0066,Cash_Advance,0
729,2025-01-27,00:46:00,98.64,Merchant_1,CARD0038,Purchase,0
730,2025-01-05,05:31:00,95.0,Merchant_12,CARD0076,Purchase,0
731,2025-02-24,10:09:00,252.53,Merchant_7,CARD0025,Purchase,1
732,2025-03-01,05:27:00,177.34,Merchant_16,CARD0002,Purchase,0
733,2025-01-22,10:00:00,137.62,Merchant_4,CARD0033,Online,0
734,2025-02-15,19:22:00,97.2,Merchant_6,CARD0013,Purchase,0
735,2025-01-20,00:29:00,252.12,Merchant_12,CARD0056,Purchase,0
736,2025-03-22,11:39:00,94.8,Merchant_16,CARD0052,Purchase,0
737,2025-01-08,11:50:00,11.84,Merchant_13,CARD0045,Purchase,0
738,2025-03-01,10:07:00,169.98,Merchant_12,CARD0050,Cash_Advance,0
739,2025-03-16,07:47:00,51.03,Merchant_9,CARD0059,Online,0
740,2025-03-01,18:08:00,10.53,Merchant_4,CARD0064,Purchase,0
741,2025-01-27,16:43:00,20.27,Merchant_2,CARD0088,Purchase,0
742,2025-01-16,03:13:00,58.13,Merchant_2,CARD0084,Online,0
743,2025-01-10,18:04:00,137.49,Merchant_2,CARD0084,Purchase,0
744,2025-01-05,19:16:00,32.21,Merchant_15,CARD0047,Refund,0
745,2025-03-01,09:56:00,155.04,Merchant_1,CARD0012,Online,0
746,2025-02-20,17:15:00,62.04,Merchant_6,CARD0045,Purchase,0
747,2025-01-05,22:43:00,62.24,Merchant_5,CARD0037,Purchase,0
748,2025-03-18,10:14:00,94.46,Merchant_19,CARD0008,Online,0
749,2025-01-02,08:18:00,175.19,Merchant_11,CARD0100,Purchase,0
750,2025-02-19,15:38:00,143.5,Merchant_19,CARD0097,Purchase,0
751,2025-01-06,23:01:00,83.26,Merchant_12,CARD0031,Purchase,0
752,2025-02-01,22:38:00,141.15,Merchant_1,CARD0029,Purchase,0
753,2025-01-24,16:52:00,125.62,Merchant_13,CARD0018,Online,0
754,2025-02-18,00:34:00,79.46,Merchant_15,CARD0056,Cash_Advance,0
755,2025-01-19,18:08:00,211.02,Merchant_1,CARD0020,Refund,0
756,2025-02-07,05:32:00,353.7,Merchant_13,CARD0072,Purchase,0
757,2025-02-23,12:00:00,24.39,Merchant_10,CARD0046,Purchase,0
758,2025-03-07,21:59:00,68.13,Merchant_14,CARD0088,Purchase,0
759,2025-01-12,06:12:00,38.99,Merchant_8,CARD0001,Purchase,0
760,2025-03-18,13:50:00,104.39,Merchant_14,CARD0058,Cash_Advance,0
761,2025-02-03,16:17:00,94.61,Merchant_5,CARD0067,Online,0
762,2025-01-19,23:27:00,55.82,Merchant_20,CARD0075,Purchase,0
763,2025-01-18,03:01:00,59.23,Merchant_15,CARD0042,Purchase,0
764,2025-01-31,00:30:00,81.11,Merchant_12,CARD0043,Purchase,0
765,2025-01-04,02:32:00,82.9,Merchant_16,CARD0003,Purchase,0
766,2025-03-16,01:56:00,113.29,Merchant_1,CARD0021,Purchase,0
767,2025-02-02,02:48:00,34.04,Merchant_18,CARD0069,Online,0
768,2025-02-02,20:34:00,68.68,Merchant_4,CARD0065,Cash_Advance,0
769,2025-01-23,11:00:00,99.16,Merchant_6,CARD0078,Online,0
770,2025-02-14,03:41:00,82.95,Merchant_19,CARD0068,Online,0
771,2025-02-23,04:37:00,35.13,Merchant_17,CARD0019,Purchase,0
772,2025-03-21,09:26:00,38.76,Merchant_12,CARD0047,Purchase,0
773,2025-01-10,03:58:00,95.24,Merchant_3,CARD0020,Purchase,0
774,2025-02-10,05:46:00,113.2,Merchant_12,CARD0007,Purchase,0
775,2025-03-01,21:23:00,69.97,Merchant_11,CARD0060,Purchase,0
776,2025-03-28,15:53:00,31.14,Merchant_17,CARD0048,Purchase,0
777,2025-01-27,23:56:00,42.15,Merchant_5,CARD0009,Purchase,0
778,2025-03-21,12:14:00,90.51,Merchant_8,CARD0034,Purchase,0
779,2025-03-15,15:08:00,69.9,Merchant_6,CARD0042,Purchase,0
780,2025-03-12,07:13:00,20.58,Merchant_4,CARD0013,Purchase,0
781,2025-01-01,18:28:00,153.63,Merchant_13,CARD0068,Purchase,0
782,2025-03-12,10:18:00,299.45,Merchant_19,CARD0036,Purchase,0
783,2025-01-29,10:19:00,58.87,Merchant_7,CARD0019,Cash_Advance,0
784,2025-03-28,07:43:00,41.66,Merchant_11,CARD0081,Online,0
785,2025-02-05,21:49:00,212.0,Merchant_20,CARD0060,Purchase,0
786,2025-03-08,13:12:00,20.28,Merchant_10,CARD0089,Online,0
787,2025-02-05,05:04:00,119.27,Merchant_15,CARD0014,Cash_Advance,0
788,2025-02-25,23:40:00,143.28,Merchant_15,CARD0005,Purchase,0
789,2025-03-27,13:25:00,148.67,Merchant_10,CARD0007,Purchase,0
790,2025-03-10,01:07:00,47.35,Merchant_4,CARD0078,Purchase,0
791,2025-01-03,13:51:00,113.8,Merchant_1,CARD0097,Cash_Advance,0
792,2025-02-20,01:36:00,45.8,Merchant_12,CARD0076,Purchase,0
793,2025-03-07,08:43:00,229.49,Merchant_9,CARD0052,Purchase,0
794,2025-01-30,16:42:00,12.06,Merchant_11,CARD0004,Purchase,0
795,2025-02-11,22:14:00,44.74,Merchant_15,CARD0052,Purchase,0
796,2025-01-25,05:14:00,39.61,Merchant_7,CARD0056,Purchase,0
797,2025-02-01,12:02:00,60.25,Merchant_8,CARD0006,Purchase,0
798,2025-02-17,12:27:00,44.36,Merchant_5,CARD0065,Purchase,0
799,2025-03-05,00:00:00,77.08,Merchant_2,CARD0084,Purchase,0
800,2025-02-26,15:36:00,2047.85,Merchant_2,CARD0090,Cash_Advance,1
801,2025-01-23,10:21:00,49.03,Merchant_10,CARD0087,Purchase,0
802,2025-02-16,19:47:00,67.03,Merchant_17,CARD0076,Purchase,0
803,2025-01-21,00:27:00,35.89,Merchant_13,CARD0013,Purchase,0
804,2025-02-02,17:58:00,212.3,Merchant_9,CARD0059,Purchase,0
805,2025-01-30,14:01:00,46.35,Merchant_16,CARD0057,Online,0
806,2025-03-02,00:12:00,134.84,Merchant_7,CARD0082,Purchase,0
807,2025-02-14,06:30:00,94.33,Merchant_12,CARD0095,Purchase,0
808,2025-02-15,17:20:00,23.4,Merchant_4,CARD0046,Purchase,0
809,2025-01-31,05:44:00,82.66,Merchant_4,CARD0053,Online,0
810,2025-01-26,21:18:00,4.39,Merchant_3,CARD0028,Cash_Advance,0
811,2025-03-08,23:50:00,50.12,Merchant_9,CARD0069,Refund,0
812,2025-01-14,09:29:00,76.73,Merchant_7,CARD0039,Purchase,0
813,2025-02-26,06:16:00,27.87,Merchant_2,CARD0020,Purchase,0
814,2025-02-20,18:35:00,181.12,Merchant_11,CARD0020,Purchase,0
815,2025-01-10,16:28:00,11.7,Merchant_18,CARD0098,Purchase,0
816,2025-03-11,16:40:00,35.64,Merchant_7,CARD0050,Purchase,0
817,2025-01-26,08:25:00,108.11,Merchant_15,CARD0014,Purchase,0
818,2025-02-18,02:10:00,29.81,Merchant_20,CARD0015,Cash_Advance,0
819,2025-03-26,23:12:00,67.88,Merchant_18,CARD0036,Purchase,0
820,2025-02-28,23:39:00,178.49,Merchant_10,CARD0030,Purchase,0
821,2025-02-09,13:16:00,26.69,Merchant_18,CARD0018,Purchase,0
822,2025-01-13,03:42:00,29.26,Merchant_5,CARD0098,Purchase,0
823,2025-01-20,18:46:00,50.67,Merchant_12,CARD0026,Purchase,0
824,2025-01-14,09:24:00,272.46,Merchant_3,CARD0100,Purchase,0
825,2025-03-01,17:41:00,21.45,Merchant_17,CARD0083,Purchase,0
826,2025-02-22,06:57:00,128.67,Merchant_20,CARD0064,Purchase,0
827,2025-02-18,16:08:00,36.69,Merchant_20,CARD0068,Purchase,0
828,2025-01-27,18:04:00,521.23,Merchant_4,CARD0091,Purchase,1
829,2025-03-13,23:49:00,74.09,Merchant_3,CARD0055,Purchase,0
830,2025-02-11,04:49:00,43.9,Merchant_20,CARD0067,Online,0
831,2025-03-28,07:05:00,97.12,Merchant_7,CARD0044,Purchase,0
832,2025-02-23,13:59:00,105.44,Merchant_14,CARD0059,Purchase,0
833,2025-03-19,23:13:00,323.09,Merchant_19,CARD0012,Purchase,0
834,2025-01-16,21:55:00,1349.85,Merchant_10,CARD0036,Purchase,1
835,2025-01-08,16:58:00,96.34,Merchant_9,CARD0002,Purchase,0
836,2025-02-04,01:50:00,15.87,Merchant_13,CARD0042,Purchase,0
837,2025-02-23,10:09:00,177.86,Merchant_8,CARD0034,Purchase,0
838,2025-02-10,19:39:00,250.08,Merchant_5,CARD0031,Online,0
839,2025-02-12,17:35:00,71.47,Merchant_19,CARD0069,Online,0
840,2025-02-22,10:38:00,214.57,Merchant_2,CARD0020,Purchase,0
841,2025-01-28,12:50:00,63.52,Merchant_4,CARD0038,Purchase,0
842,2025-03-21,20:39:00,137.22,Merchant_14,CARD0075,Purchase,0
843,2025-02-23,07:56:00,151.54,Merchant_2,CARD0095,Purchase,0
844,2025-01-05,07:54:00,97.83,Merchant_11,CARD0089,Purchase,0
845,2025-01-08,15:19:00,67.15,Merchant_9,CARD0004,Refund,0
846,2025-03-07,14:20:00,34.45,Merchant_18,CARD0085,Purchase,0
847,2025-03-23,12:02:00,58.63,Merchant_4,CARD0062,Online,0
848,2025-01-19,20:33:00,33.45,Merchant_7,CARD0001,Purchase,0
849,2025-02-04,22:55:00,2247.25,Merchant_3,CARD0042,Purchase,1
850,2025-01-18,18:07:00,247.64,Merchant_17,CARD0051,Purchase,0
851,2025-03-15,20:03:00,288.92,Merchant_6,CARD0037,Purchase,0
852,2025-01-25,11:15:00,266.44,Merchant_1,CARD0043,Purchase,0
853,2025-01-16,18:31:00,128.05,Merchant_11,CARD0092,Purchase,0
854,2025-03-10,07:12:00,160.78,Merchant_2,CARD0062,Purchase,0
855,2025-01-15,17:17:00,206.36,Merchant_6,CARD0051,Purchase,0
856,2025-01-29,04:30:00,39.01,Merchant_18,CARD0053,Purchase,0
857,2025-01-02,09:49:00,195.1,Merchant_15,CARD0001,Cash_Advance,0
858,2025-01-01,01:50:00,266.22,Merchant_11,CARD0064,Purchase,0
859,2025-02-25,14:52:00,47.27,Merchant_13,CARD0016,Purchase,0
860,2025-03-20,04:38:00,244.93,Merchant_5,CARD0002,Online,0
861,2025-03-24,09:59:00,44.37,Merchant_20,CARD0002,Purchase,0
862,2025-01-15,23:42:00,148.92,Merchant_8,CARD0058,Purchase,0
863,2025-03-21,08:45:00,57.0,Merchant_15,CARD0017,Purchase,0
864,2025-02-24,12:20:00,105.01,Merchant_18,CARD0086,Purchase,0
865,2025-01-20,10:15:00,450.53,Merchant_11,CARD0080,Refund,0
866,2025-01-28,08:48:00,49.62,Merchant_2,CARD0077,Purchase,0
867,2025-02-02,18:00:00,30.49,Merchant_12,CARD0007,Online,0
868,2025-02-11,07:53:00,116.73,Merchant_20,CARD0062,Purchase,0
869,2025-01-05,15:40:00,113.06,Merchant_17,CARD0017,Purchase,0
870,2025-02-05,14:56:00,3498.03,Merchant_19,CARD0021,Cash_Advance,1
871,2025-03-29,19:38:00,66.53,Merchant_9,CARD0095,Online,0
872,2025-03-21,22:08:00,33.35,Merchant_14,CARD0079,Refund,0
873,2025-03-05,06:26:00,48.67,Merchant_3,CARD0064,Purchase,0
874,2025-03-16,13:24:00,95.48,Merchant_20,CARD0043,Purchase,0
875,2025-01-23,17:06:00,100.22,Merchant_13,CARD0087,Purchase,0
876,2025-03-20,05:26:00,70.56,Merchant_15,CARD0053,Online,0
877,2025-02-14,04:06:00,67.55,Merchant_19,CARD0041,Online,0
878,2025-02-14,21:43:00,66.09,Merchant_4,CARD0026,Purchase,0
879,2025-03-26,04:58:00,19.06,Merchant_8,CARD0094,Purchase,0
880,2025-03-15,15:50:00,101.05,Merchant_18,CARD0075,Purchase,0
881,2025-02-19,20:46:00,27.8,Merchant_14,CARD0026,Purchase,0
882,2025-03-17,07:49:00,46.55,Merchant_1,CARD0070,Purchase,0
883,2025-01-26,03:41:00,50.84,Merchant_8,CARD0067,Cash_Advance,0
884,2025-02-13,07:44:00,215.22,Merchant_8,CARD0089,Purchase,0
885,2025-03-25,21:46:00,114.09,Merchant_19,CARD0079,Purchase,0
886,2025-02-07,23:27:00,299.63,Merchant_1,CARD0059,Refund,0
887,2025-02-23,23:56:00,58.16,Merchant_4,CARD0021,Refund,0
888,2025-02-14,02:24:00,90.71,Merchant_3,CARD0042,Purchase,0
889,2025-01-13,02:11:00,119.71,Merchant_18,CARD0070,Purchase,0
890,2025-02-25,12:50:00,143.12,Merchant_6,CARD0023,Purchase,0
891,2025-01-26,21:07:00,125.27,Merchant_19,CARD0057,Purchase,0
892,2025-01-25,22:53:00,1559.29,Merchant_12,CARD0053,Purchase,1
893,2025-01-02,14:40:00,109.43,Merchant_18,CARD0076,Purchase,0
894,2025-01-07,09:34:00,273.9,Merchant_4,CARD0027,Purchase,0
895,2025-03-04,07:06:00,51.95,Merchant_8,CARD0062,Purchase,0
896,2025-03-16,01:42:00,32.24,Merchant_19,CARD0079,Purchase,0
897,2025-01-27,14:55:00,20.43,Merchant_17,CARD0072,Purchase,0
898,2025-02-14,01:37:00,17.52,Merchant_16,CARD0025,Online,0
899,2025-02-11,03:40:00,21.07,Merchant_6,CARD0043,Purchase,0
900,2025-03-19,10:55:00,42.2,Merchant_1,CARD0048,Purchase,0
901,2025-01-11,03:56:00,97.68,Merchant_18,CARD0061,Online,0
902,2025-03-08,21:37:00,41.12,Merchant_11,CARD0019,Online,0
903,2025-02-06,11:56:00,151.31,Merchant_1,CARD0035,Purchase,0
904,2025-01-31,19:32:00,141.18,Merchant_19,CARD0021,Refund,0
905,2025-01-26,18:34:00,137.91,Merchant_3,CARD0018,Online,0
906,2025-01-27,10:32:00,109.41,Merchant_20,CARD0093,Cash_Advance,0
907,2025-03-03,19:38:00,191.88,Merchant_15,CARD0091,Purchase,0
908,2025-03-13,13:22:00,28.05,Merchant_6,CARD0040,Purchase,0
909,2025-03-25,07:22:00,26.04,Merchant_2,CARD0074,Purchase,0
910,2025-01-08,00:40:00,20.53,Merchant_17,CARD0053,Purchase,0
911,2025-02-13,12:57:00,183.0,Merchant_14,CARD0005,Purchase,0
912,2025-03-24,06:30:00,11.59,Merchant_17,CARD0022,Online,0
913,2025-01-05,10:39:00,141.55,Merchant_3,CARD0056,Purchase,0
914,2025-03-16,14:56:00,159.93,Merchant_11,CARD0014,Refund,0
915,2025-01-01,19:36:00,154.59,Merchant_20,CARD0040,Purchase,0
916,2025-01-26,04:12:00,99.48,Merchant_2,CARD0001,Purchase,0
917,2025-02-22,07:03:00,173.88,Merchant_5,CARD0077,Purchase,0
918,2025-02-19,23:11:00,116.99,Merchant_9,CARD0027,Cash_Advance,0
919,2025-02-10,04:42:00,80.01,Merchant_1,CARD0049,Purchase,0
920,2025-01-05,16:28:00,135.28,Merchant_15,CARD0058,Purchase,0
921,2025-03-14,11:31:00,1304.59,Merchant_7,CARD0081,Purchase,1
922,2025-02-13,04:14:00,79.84,Merchant_19,CARD0072,Purchase,0
923,2025-01-18,23:23:00,204.83,Merchant_10,CARD0092,Purchase,0
924,2025-03-25,10:47:00,79.49,Merchant_19,CARD0026,Cash_Advance,0
925,2025-02-07,20:56:00,60.98,Merchant_4,CARD0020,Purchase,0
926,2025-01-26,15:38:00,23.47,Merchant_15,CARD0083,Purchase,0
927,2025-03-02,00:41:00,29.16,Merchant_2,CARD0014,Online,0
928,2025-03-24,19:06:00,46.32,Merchant_15,CARD0025,Purchase,0
929,2025-03-27,05:11:00,63.09,Merchant_11,CARD0036,Purchase,0
930,2025-03-15,16:39:00,192.64,Merchant_18,CARD0028,Purchase,0
931,2025-03-06,01:17:00,34.57,Merchant_6,CARD0008,Online,0
932,2025-02-16,13:50:00,114.14,Merchant_14,CARD0049,Purchase,0
933,2025-01-24,21:58:00,105.95,Merchant_9,CARD0097,Purchase,0
934,2025-02-08,01:33:00,176.19,Merchant_7,CARD0006,Purchase,0
935,2025-03-01,19:47:00,191.58,Merchant_1,CARD0089,Cash_Advance,0
936,2025-03-16,17:27:00,111.16,Merchant_9,CARD0001,Purchase,0
937,2025-02-21,22:42:00,12.6,Merchant_2,CARD0094,Purchase,0
938,2025-03-26,05:10:00,27.79,Merchant_6,CARD0005,Purchase,0
939,2025-01-25,20:43:00,139.77,Merchant_17,CARD0073,Cash_Advance,0
940,2025-03-09,17:41:00,137.11,Merchant_1,CARD0008,Purchase,0
941,2025-02-14,12:20:00,124.6,Merchant_17,CARD0088,Purchase,0
942,2025-01-21,12:19:00,238.31,Merchant_15,CARD0089,Cash_Advance,0
943,2025-03-12,12:59:00,71.37,Merchant_12,CARD0041,Purchase,0
944,2025-03-05,21:57:00,41.48,Merchant_5,CARD0072,Cash_Advance,0
945,2025-02-25,04:34:00,45.29,Merchant_6,CARD0085,Purchase,0
946,2025-03-09,10:59:00,112.13,Merchant_4,CARD0019,Cash_Advance,0
947,2025-02-15,10:27:00,141.5,Merchant_5,CARD0003,Purchase,0
948,2025-03-11,08:52:00,46.49,Merchant_18,CARD0039,Online,0
949,2025-02-10,19:21:00,104.67,Merchant_10,CARD0016,Purchase,0
950,2025-01-24,06:43:00,58.34,Merchant_17,CARD0065,Purchase,0
951,2025-02-01,06:55:00,74.84,Merchant_2,CARD0074,Purchase,0
952,2025-01-04,08:59:00,79.75,Merchant_10,CARD0070,Purchase,0
953,2025-01-31,05:21:00,74.06,Merchant_18,CARD0069,Purchase,0
954,2025-02-11,14:34:00,91.07,Merchant_17,CARD0017,Purchase,0
955,2025-01-13,07:19:00,72.34,Merchant_16,CARD0021,Purchase,0
956,2025-01-20,13:19:00,103.74,Merchant_2,CARD0093,Purchase,0
957,2025-03-25,15:40:00,61.19,Merchant_3,CARD0062,Purchase,0
958,2025-01-11,11:40:00,69.52,Merchant_6,CARD0031,Purchase,0
959,2025-03-10,06:50:00,138.62,Merchant_6,CARD0003,Online,0
960,2025-03-18,03:30:00,90.16,Merchant_3,CARD0038,Online,0
961,2025-03-15,14:14:00,73.66,Merchant_14,CARD0060,Purchase,0
962,2025-01-05,23:47:00,140.74,Merchant_16,CARD0092,Online,0
963,2025-02-03,13:45:00,14.93,Merchant_10,CARD0092,Online,0
964,2025-03-02,08:46:00,57.96,Merchant_3,CARD0065,Purchase,0
965,2025-02-18,19:02:00,51.67,Merchant_7,CARD0076,Online,0
966,2025-03-25,19:33:00,120.66,Merchant_14,CARD0016,Purchase,0
967,2025-02-23,00:07:00,19.76,Merchant_15,CARD0089,Purchase,0
968,2025-02-17,12:11:00,109.83,Merchant_1,CARD0082,Purchase,0
969,2025-01-17,13:30:00,68.14,Merchant_5,CARD0008,Cash_Advance,0
970,2025-01-30,14:26:00,90.12,Merchant_6,CARD0070,Purchase,0
971,2025-03-03,21:30:00,90.34,Merchant_20,CARD0051,Purchase,0
972,2025-03-16,01:21:00,91.8,Merchant_1,CARD0050,Purchase,0
973,2025-01-14,05:35:00,702.1,Merchant_11,CARD0073,Purchase,1
974,2025-01-18,18:13:00,208.56,Merchant_4,CARD0018,Purchase,0
975,2025-03-18,19:59:00,81.46,Merchant_4,CARD0094,Online,0
976,2025-01-16,01:11:00,69.84,Merchant_7,CARD0084,Purchase,0
977,2025-01-18,03:24:00,36.72,Merchant_9,CARD0082,Cash_Advance,0
978,2025-02-02,17:22:00,112.25,Merchant_20,CARD0029,Purchase,0
979,2025-03-29,04:44:00,43.28,Merchant_17,CARD0075,Purchase,0
980,2025-01-09,08:24:00,249.22,Merchant_14,CARD0082,Online,0
981,2025-03-19,17:55:00,232.76,Merchant_19,CARD0033,Online,0
982,2025-03-10,00:52:00,167.92,Merchant_7,CARD0003,Purchase,0
983,2025-03-16,01:32:00,295.36,Merchant_15,CARD0092,Purchase,0
984,2025-02-28,02:06:00,256.65,Merchant_2,CARD0005,Purchase,0
985,2025-03-05,18:55:00,84.2,Merchant_12,CARD0080,Purchase,0
986,2025-02-08,17:19:00,99.67,Merchant_16,CARD0059,Purchase,0
987,2025-03-06,06:52:00,548.41,Merchant_11,CARD0004,Purchase,1
988,2025-02-05,10:45:00,1501.02,Merchant_11,CARD0018,Cash_Advance,1
989,2025-03-09,13:31:00,121.9,Merchant_3,CARD0027,Cash_Advance,0
990,2025-03-21,00:45:00,14.66,Merchant_7,CARD0018,Purchase,0
991,2025-01-26,05:40:00,12.21,Merchant_17,CARD0066,Purchase,0
992,2025-02-12,23:27:00,88.9,Merchant_2,CARD0006,Purchase,0
993,2025-03-12,01:46:00,88.93,Merchant_2,CARD0099,Purchase,0
994,2025-02-09,12:10:00,49.76,Merchant_20,CARD0083,Cash_Advance,0
995,2025-03-03,05:05:00,225.94,Merchant_11,CARD0093,Purchase,0
996,2025-01-01,15:49:00,144.19,Merchant_13,CARD0011,Purchase,0
997,2025-03-22,20:20:00,203.91,Merchant_18,CARD0038,Purchase,0
998,2025-02-04,10:59:00,376.36,Merchant_3,CARD0065,Purchase,1
999,2025-02-23,00:11:00,182.42,Merchant_4,CARD0059,Purchase,0
1000,2025-03-10,21:50:00,68.65,Merchant_9,CARD0054,Purchase,0
